<?xml version="1.0" encoding="UTF-8"?>
<project-private xmlns="http://www.netbeans.org/ns/project-private/1">
    <editor-bookmarks xmlns="http://www.netbeans.org/ns/editor-bookmarks/2" lastBookmarkId="0"/>
    <open-files xmlns="http://www.netbeans.org/ns/projectui-open-files/2">
        <group>
            <file>file:/C:/Users/vaibh/Documents/TTA/Core%20Java/MyApp1/src/Student.java</file>
            <file>file:/C:/Users/vaibh/Documents/TTA/Core%20Java/MyApp1/src/Demo1.java</file>
            <file>file:/C:/Users/vaibh/Documents/TTA/Core%20Java/MyApp1/src/Demo2.java</file>
        </group>
    </open-files>
</project-private>
