<?xml version="1.0" encoding="UTF-8"?>
<project-private xmlns="http://www.netbeans.org/ns/project-private/1">
    <editor-bookmarks xmlns="http://www.netbeans.org/ns/editor-bookmarks/2" lastBookmarkId="0"/>
    <open-files xmlns="http://www.netbeans.org/ns/projectui-open-files/2">
        <group>
            <file>file:/Users/joanlaine/Documents/Talent%20Tech%20Academy/TTAFSD/Java/myJava/Hospital_GN2/src/java/com/hospital/controller/DlogServlet.java</file>
            <file>file:/Users/joanlaine/Documents/Talent%20Tech%20Academy/TTAFSD/Java/myJava/Hospital_GN2/web/login.jsp</file>
            <file>file:/Users/joanlaine/Documents/Talent%20Tech%20Academy/TTAFSD/Java/myJava/Hospital_GN2/src/java/com/hospital/controller/DregServlet.java</file>
            <file>file:/Users/joanlaine/Documents/Talent%20Tech%20Academy/TTAFSD/Java/myJava/Hospital_GN2/web/dlog.jsp</file>
        </group>
    </open-files>
</project-private>
